LABELS,DEFAULT,TYPE,GROUP,Name,Special,ADC,AC,DAC,ZCD,USART,SPI,TWI,TCA,TCD,EVSYS,CCL

BORDER COLOR, grey
BORDER WIDTH, 2
BORDER OPACITY, 1
FILL COLOR, white, white, white, black,grey,forestgreen,seagreen,limegreen,olivedrab,mediumblue,dodgerblue,steelblue,red,mediumvioletred,darkorange,goldenrod

OPACITY, 1, 1, 1, 1, 1, 1, 1, 1, 1, 1, 1, 1
#FONT, Menlo,,
FONT SIZE , 35
FONT COLOR , black, black, black, white, white, white, white, white, white, white, white, white, white, white, white, white, white, white, white, white, white, white, white, white, white, white, white, white, white, white, white, white
FONT SLANT , normal , , , , ,
FONT BOLD , 600 , , , 600, 600, 600, 600, 600, 600, 600, 600, 600, 600, 600, 600, 600, 600, 600, 600, 600, 600, 600, 600, 600, 600, 600, 600, 600, 600, 600, 600, 600, 600, 600, 600, 600, 600, 600, 600, 600, 600, 600, 600, 600, 600, 600, 600, 600
FONT STRETCH , normal
FONT OUTLINE , black
FONT OUTLINE THICKNESS, 0
BOXES, STD, , , PIN BOX, SPECIAL BOX, SKEWED, SKEWED, SKEWED, SKEWED, SKEWED, SKEWED, SKEWED, SKEWED, SKEWED, SKEWED, SKEWED, SKEWED, SKEWED, SKEWED, SKEWED, SKEWED, SKEWED, SKEWED, SKEWED, SKEWED, SKEWED, SKEWED, SKEWED


TYPE, IO, black, 1
TYPE, INPUT, black, 1
TYPE, OUTPUT, black, 1

WIRE, DIGITAL, black, 1, 5
WIRE, PWM, black, 1, 5
WIRE, ANALOG, black, 1, 5
WIRE, HS-ANALOG, black, 1, 5
WIRE, POWER, black, 1, 10

GROUP, COMBINED, chocolate, 0.5
GROUP, POWER, orange, 0.5
GROUP, GROUND, black, 0.5
GROUP, PORT_PIN, green, 0.5
GROUP, LEGACY_PIN, yellow, 0.5
GROUP, AVR_DIG, blue, 0.5
GROUP, AVR_ANA, blue, 0.5
GROUP, AVR_VDDIO2, blue, 0.5

BOX, STD, black, 1, white, 0, 1, 100,55,2,2,0,0
BOX, PIN BOX, black, 1, white, 0, 1, 180, 45, 5, 5, -10, 0
BOX, SPECIAL BOX, black, 1, white, 0, 1, 170, 45, 5, 5, -10, 0
BOX, DUMB BOX, black, 1, white, 0, 1, 55, 55, 5, 5, -10, 0
BOX, SKEWED, black, 1, white, 0, 1, 145,42,5,5,-10,0
#BOX, PAGE BORDER, black, 1, white, 1, 1, 100,100,0,0,0,0
BOX, PAGE BORDER, white, 1, white, 1, 1, 100,100,0,0,0,0
BOX, DETAIL BOX, darkblue, 1, white, 0, 3, 250, 200, 15,15,0,0

TEXT FONT, PowerPin, Dejavu Sans, 25, , black, normal, bold, normal
#TEXT FONT, Heading, BenchNine, 50, , black, normal, 700, normal
#TEXT FONT, Heading, , 50, , black, normal, 700, normal

PAGE, A4-L
DPI, 300

DRAW
# Load up the fonts we use
GOOGLEFONT,"https://fonts.googleapis.com/css?family=M+PLUS+1+Code:300,400,700|Monaco:300,400,700|Ubuntu:300,400,500,600,700|BenchNine:300,400,700|Pragati+Narrow:700|Rubik|Ruslan+Display|Work+Sans:700,800,900"

# Draw a border on the page
BOX, PAGE BORDER, 0,0, 100%, 100%

# Draw Title
MESSAGE, 1775, 600, 175, Heading, 144, CENTER, TOP
TEXT, black,black,AVRxxDD14,NL


# draw chip outline
BOX, DETAIL BOX, 1575, 700, 375, 1025, , TOP,
MESSAGE, 1625, 720, 100, Name, 48, LEFT, TOP
TEXT, none, black, AVRxxDD14, NL
MESSAGE, 1600, 1645, 40, Name, 32, LEFT, TOP
TEXT, none, black, github.com/, NL
TEXT, none, black, SpenceKonde/DxCore, NL
TEXT, none, black, , NL
MESSAGE, 1425, 1745, 40, Name, 36, LEFT, TOP
TEXT, none, black,"" , NL
#MESSAGE, 50, 1785, 40, Name, 36, LEFT, TOP
MESSAGE, 50, 2292, 48, Name, 48, LEFT, TOP
TEXT, none, black, "SPI.3 signals appearing on IO Multiplexing table in datasheet (PA0:MOSI.3, PA1:MISO.3, PC1:SS.3) are incorrect, per MCP case #01057955", NL
TEXT, none, black, "The notation SDA.3 means Wire.swap(3). You must choose SDA.3 and SCL.3 or SDA.2 and SCL.2 together. Each peripheral can have only one swap ", NL
TEXT, none, black, "position set. Signals are often suffixed by the peripheral number so RX1 is UART1 rx. In a few cases n,FN is used (2,OUT.1). The notation SDAs.3/SCLs.3", NL
TEXT, none, black, "is where the slave pins are in dual mode. Data from AVR32DD14 dfp.2.1.152. Diagrams by ObviousInRetrospect.", NL


#left pin name labels
MESSAGE, 1600, 800, 125, Name, 48, LEFT, TOP
TEXT, none, black, 1 ⏚, NL
TEXT, none, black, 2 F6, NL
TEXT, none, black, 3 F7, NL
TEXT, none, black, 4 A0, NL
TEXT, none, black, 5 A1, NL
TEXT, none, black, 6 C1, NL
TEXT, none, black, 7 C2, NL


MESSAGE, 1925, 800, 125, Name, 48, RIGHT, TOP
TEXT, none, black, + 14, NL
TEXT, none, black, D7 13, NL
TEXT, none, black, D6 12, NL
TEXT, none, black, D5 11, NL
TEXT, none, black, D4 10, NL
TEXT, none, black, V2 9, NL
TEXT, none, black, C3 8, NL



# Left Side Pins
ANCHOR, 1545, 755
PINSET, LEFT, PACKED, CENTER, CENTER, 125, 30, 45, 60, 10, 0
PINTEXT, POWER, IO, POWER , AGND, PowerPin, Analog Ground,
PIN, DIGITAL , IO, ,PIN_PF6, RESET, , , , , , , , , , ,
PIN, DIGITAL , IO, ,PIN_PF7, UPDI, , , , , , SS.6, , , , EoF.1,
PIN, DIGITAL , IO, ,PIN_PA0, EXTCLK|XTAL32K1.1|XTALHF1, , , , , TX0, , SDA.3, WO0, , ,
ANCHOR, 1545, 1180
PINSET, LEFT, PACKED, CENTER, CENTER, 125, 30, 45, 60, 10, 0
PIN, NONE , NONE, ,, , , , , , , , , , , , "0,IN0|0,IN0.1"
ANCHOR, 1545, 1255
PINSET, LEFT, PACKED, CENTER, CENTER, 125, 30, 45, 60, 10, 0
PIN, DIGITAL , IO, ,PIN_PA1, XTAL32K2.1|XTALHF2, , , , , RX0, , SCL.3, WO1, , , "0,IN1|0,IN1.1"
PIN, DIGITAL , IO, ,PIN_PC1, , AIN29, , , , RX1|TX0.4, MISO.5|MOSI.6, , WO1.2, , ,
ANCHOR, 1545, 1430
PINSET, LEFT, PACKED, CENTER, CENTER, 125, 30, 45, 60, 10, 0
PIN, NONE , NONE, ,, , , , , , , , , , , , "1,IN1|1,IN1.1"
ANCHOR, 1545, 1505
PINSET, LEFT, PACKED, CENTER, CENTER, 125, 30, 45, 60, 10, 0
PIN, DIGITAL , IO, ,PIN_PC2, Fm+, AIN30, AINN3, , ZIN, RX0.4|XCK1, , , , , ,
ANCHOR, 1545, 1555
PINSET, LEFT, PACKED, CENTER, CENTER, 125, 30, 45, 60, 10, 0
PIN, NONE , NONE, ,, , , , , , , MISO.6|SCK.5, SDA.2|SDAs|SDAs.3, WO2.2, , EoC, "1,IN2|1,IN2.1"
ANCHOR, 1545, 1630
PINSET, LEFT, PACKED, CENTER, CENTER, 125, 30, 45, 60, 10, 0

# Right Side Pins
ANCHOR, 1985, 755
PINSET, RIGHT, PACKED, CENTER, CENTER, 125, 30, 45, 60, 10, 0
PINTEXT, POWER, IO, POWER , AVDD , PowerPin,"1.8V-5.5V"
PIN, DIGITAL , IO, ,PIN_PD7, VREFA, AIN7, AINN2, , , RX1.2|XDIR0.3, SS.4, , , , EoD.1,
PIN, DIGITAL , IO, ,PIN_PD6, , AIN6, AINP3, DACo, , TX1.2|XCK0.3, SCK.4, , , , , "2,OUT.1"
PIN, DIGITAL , IO, ,PIN_PD5, , AIN5, , , , RX0.3, MISO.4, , WO5.3, WOD.4, ,
PIN, DIGITAL , IO, ,PIN_PD4, , AIN4, , , , TX0.3, MOSI.4, , WO4.3, WOC.4, ,
PINTEXT, POWER, IO, POWER , VDDIO2 , PowerPin,"1.8V-5.5V"
PIN, DIGITAL , IO, ,PIN_PC3, Fm+, AIN31, AINP4, , , XCK0.4|XDIR1, SCK.6|SS.5, , , , ,

# Right Side Pins
ANCHOR, 1985, 1555
PINSET, RIGHT, PACKED, CENTER, CENTER, 125, 30, 45, 60, 10, 0
PIN, NONE , NONE, ,, , , , , , , , SCL.2|SCLs|SCLs.3, WO3.2, , , "1,OUT"

# Right Side Pins
ANCHOR, 1985, 1630
PINSET, RIGHT, PACKED, CENTER, CENTER, 125, 30, 45, 60, 10, 0

# legend
ANCHOR, 800, 10
PINSET, RIGHT, PACKED, CENTER, CENTER, 125, 30, 45, 60, 10, 0
PIN, NONE , NONE, ,Name, Special, ADC, AC, DAC, ZCD, USART, SPI, TWI, TCA, TCD, EVSYS, CCL
MESSAGE, 800, 60, 125, Name, 72, RIGHT, TOP
TEXT, none, black, Legend, NL
